{"file_hashes":[{"block_hashes":["CSx0uLixFV5BHwzWWHYeIAbBVhfFAB105N+R9F5Qo9Q=","/Felk/kKnBfFG9vZDNzMS0GL9s4+PvP1A2buJop8g1w=","K50IU7AcHkSxYytJZWYZqwhb4a9IbIp8fIhwrkbTo9M=","Ik9ZjJO+DYzsuxLMN6IMecHpZnbIX0iGrEFrZljo924=","2c4Fn6d3TN5uUZJxLHOHrFvWs2TA0zMIHIDf1tKC1PM=","JFwOGbiUw57+yb3XbIBRfHhB1jiGyAu0c31EJzp5T+I=","tunMeHPZAepp5AR8q6zqAcD6Y79ek7SsqqVcNZv6P5I=","PpXch4HcKbkVKqrqMdZl83wihGGixddPV6Kv0WLxU+w=","2fjAjmEh9SMWwUhO7TLXv6ExWl27xNMmDLQyOZbY/Lg=","BT0vAoy8KR0hu+k0EU46E9qxyhsEwOUUmYgBmMgBln8=","sCCFWuVdIaOPm3YBWErgJeiaIIUtYo2RlhGh80RtrVE=","kQ742VVeixVmVpvFN25Lh3FljY9HKDtLibqr2UFWjXc=","IGFkb7/Qe/xagijI76lA7lziFcd6Ep/aQfO4oU1lGGw=","XKacA0K7bIOL8Z1ICKNGtix+GVrKrnpDeKXebbY5ihQ=","HQ2xqQJobIGAKDvHRecXG1QqaR0KaEunteLZNA2NpOk=","Z0IGL7uRZswrsK25RgFrHdChPUAtg3WW0epRZmltF8E=","VSndil5C8FMEsCIGWqsUfGhU7H7yej4iejMThipKrNQ=","NIJtxHkkt7s5l5ScXqd9ETKMyo+ngetd5Eou9+StfaU=","nHS5Uhy5MN4PXbtdXMnvoidrBKEOPmSQtlakll/HPHw=","fKv0kmpdemCJ0ujUFlZqaUIP8zpAZFttj19yHkfUSRU=","rY/FhRWU/dVixh9VTiOr7sGqZ0RcDuHSXZzhu5xTr7I=","gu7CzE8KnaUV5PSs1WSaEz3j22s4apnI40NqN7BtgCg=","eSOJ2DYP8veaCc0tJoXWok30S+R7+/Dvii24T+n499I=","yVpY/sRND7wYZDdqs0O0Aa0Mq7ro+Rq6UsOhX3JhiFY=","RfG3dJhRNnRrfQBn8qxqmj+R0WHr4eaqZKeKh5GbC5g=","T/TvYlarZQ/avV6oBUoAviy80LzdbpJq9Ud9DlJ1MYE="],"block_size":4096,"path":"generated/background/background-bundled.js"},{"block_hashes":["CSx0uLixFV5BHwzWWHYeIAbBVhfFAB105N+R9F5Qo9Q=","/x98cuCw+21jHU9lBicvXBv+GzHLnTP8CZYWk0QGA0g=","0XV2OcJ1YcRbJi+FcRch13qcQjZlke7OAjmpUG2De/g=","FQIs7lcL/hjVgFdp624RabU8RieI3z8NCaq9dkPKW0k=","MFWQczV6EZcHt/DkghmdGMlqtyUwgodH0NR8I0N0upk=","OPC5DJd1SiqU/re3QOdU87bH4IAz+c+g/y56a4nq9hY=","aN9n4qPesg2F08lUk8BthTvVnQRNzLT0vNtnFXEQMi0=","xgJoMUyHfLCBeZbjZaBBcSVT0RO7ZiqAdwX9PHpmIu4=","sbmdATrtRerrS/ZKIa+3JJa/wse1HoCKqJnDQh/cXo8=","+41PxjKYlFDL/OS6QJBgONE3tGYyiHaVePflRDsvflg=","1yVXK7xwiSsBF7y5pN2VsXBGvGNwxaJa5To2OLm+Xv8=","unKal87aovuwfGmeuK6RV34k53fxMjSaYCEqHgEdBEk=","lJMGwJF7coSdSQBJa+AM0AkNH3ssWEAvx0PA83Npq7E="],"block_size":4096,"path":"generated/client/client.js"},{"block_hashes":["dtSR0HatDJYysKKcE51zbcnOZ+Bf18ryIQbdpTHifc0="],"block_size":4096,"path":"generated/devtools/bootstrap.js"},{"block_hashes":["FvWfmBsGKx1sIqec/r6Us54rrT7CyGuxwHVaity03NI="],"block_size":4096,"path":"generated/devtools/devtools.html"},{"block_hashes":["UZ59kH34a45pLxl+y7TzOW9lWPieYblouPdwcaTNSho="],"block_size":4096,"path":"generated/devtools/panel/panel.css"},{"block_hashes":["EzlJzQPI0Yz8WgENmoCeazSTRjegCNWQLoKb2zOFFrA="],"block_size":4096,"path":"generated/devtools/panel/panel.html"},{"block_hashes":["CSx0uLixFV5BHwzWWHYeIAbBVhfFAB105N+R9F5Qo9Q=","VcP7eTEJ65GxpFW9FESjCoaFxs40zttsxzx+EHZeKrM=","LgnFOVoCBgJj2tx+uMopRhJDYYMKTAiqII+bGZdjTF8=","WCqZfv6+un8PdNGJgbguyqFhxuTN+6uk2Ib3FF70Vfk=","PfvNHWAggBS8AkYhlzGPgScl8/ZQ3FVawZJp3uZYBU0=","EeECTzmXGXqPhaH5QGZnxlASOMgLD8klfbJM5wbqXwI=","XoLLXLRw8MmLz+u08e/MK1RNTF4gH1NIYC+ytxY0dsU=","Bc0S0dcTgJzQy+ELcGoo3+XXpet+odN5NuUm8uEJYMo=","qwONJWFl5Ija20M+gP8w56vwyItP2ppApWXMguJL9v0=","fSP+WWlI6SOZZj32RoFEzvKaRNEK2rTpGC3H5ps5QKE=","DGZG8aZnZBxzCfqaxk3Xu7FBFf5SHhFY0+WwH11WC6E=","8n4kpGuNfOp9Grc+mTWxXdbF3Zl+8yux6i2Dz0CR6es=","15Je3GfYof8D9mufUd3UYZ/BKsbe6zyFvaQJP6Ovo7Y=","qDv8Q/1aqOUSKInpGZew8E4CHrDWyCA+4o7C3wW1GA0=","uv7po9mR6oOEmRrI4DPebV8mczWXAqMov7dpRI+HP2Q=","cyh07PCjhW/T18JQSxVEg0iqH+Woe6rlke4J89KbCzI=","b/Jx5D/ADHPUOucM1w3dmk/4vYrHj1RIUvwO6JpYz/E=","JEjGp6lDqLNXwNUzxJ4SbZPG3SmdlE5wSAPxhPdaW9g=","ufM6pfEfbzo6aD0qAQqjjdvSE+ofUo7NKffkH05Flwo=","ID+5ESB5NhkEQuz67UBF/py4T3uYX9Vkcwc4OcVV6Ek=","mD/orJ0UNSVioApR3C2KV0mD/morvzneGP+Aq3/SFvU=","oDJZ6zCqOrwiopfv44wmN485OBKfHuk1Yuj668P+cL8=","F9gdvSH0NEWVR4KkjHXZyoYVZZj71bsZR/uLRvDip5M=","QNwCJ+wT9OKX9EZaehh9mjlWHl8YnXhGLMwr2Ll2QX8=","ywcwHo21YLtAL3pl72Hm5xEjULyYN/bnbBgV/5a7xqU=","IGHJ/D9FUPjewG3TXIv0Pd8iLCwiFjpM0U0rEtb/ff8=","UKfTiEmVGzlomq8ds6V/v6WsIf4Qcmc2SXlhPEfH9IE=","zQNjxlf7eJIongvvN01HJoLl3V2twNrw1VyCb7783OM=","pLzTrdhBKB/Ok3Ww44V9ojzvWKAWkOYAaIuLTn9FG84=","eJzUi2RQDRqbV73mAI36Ee12OKx1Rv9bfMj7f3RT0Qo=","JWUAX9GoRRlRuVOx+YqfFlbd5ziX87uxqKWSYNGZWeA=","97hzfUWmKc3yrKQ/xUrort1FctQlva1RHKW3TZZ6uyU=","5f6SfiuqFssDY3R7NUr2H/9cHNgkYZSYKCdCMAcwxrs=","AC4DSHJvAwiOHXZ1I+/mjaOY4xEmliT4P7e9GD85lpI=","qmo8AdYOX7VC625kRF66SS+6h8fbx9P1sIsw1pyMoyg=","xJnqdv8XuTeIFAtBVqzfTQHFzu4mJdiLK5Zgx7JvkdM=","LMpofrJxTV0BQIBol6jFjL3Pt+g90q/5i562A/Kg5Vs=","waBBfOuFGhQjOTfoZzaGoeV6cNk6GE84ZJoRBlBNQw0=","SDIXeamtKaH7t3m35wES3i16GLJ6DWZnH9mtoU6gT+4=","bCeUKER4Q255mMBT0dBhzFfuKSjUqZKjDxNv5T0qyp0=","2re3RwcWNbaqBKFF9E1ccd1DX/P50ZaiTwLtE/NvIMo=","Wt4xsSggG3Ais2SIgdSALOvPj2fCphk+MmHKY6kLQJ8=","wH1IO7zvgkazPHzNGVnUXRkKuoBYQ7uzCGS0p5m7GB4=","LVOvkuQbpd56yKJcJvZLYQXavq9Azf74Y2E1kuXcRaA=","MJRdgkW8NWm+xgBzGZW7OQxfh4Nlab3RxoxwfoRxLj0=","S8nSGbjK53DeA73DVmQUWZzloE1bz67vCemX8JWm7Bc=","nFqFRAbRfyySsGhnaEkT/wK8ZZm7NCRSeV1TSsIYZuM=","IQxD12grARrP2D04TS42QLrJsAnWRDzdQWQM7zodHhs=","ae/hYR+XljcSh40dHlJwTeAR+UNuw4pBRsQo+wVvJnA=","scijhqK5J2/yv+giFlKvB0FGt57qKLIsE0Nd494YucQ=","H8xgbaFj8fpiuCUs0SBqtvu8jjshSEI3/KHbuBMfP6g=","YqHWHuqE7frf9x/YAu7Z4AbfdMLG+8ksnvhHyfk1N10=","ZaBsLsAUvUlhIoU0HvaCfhNZ219xMjOJuTDSKVyfAr0=","r7lmBpbXBWcUAlIUhJ6IFSjv4jC8lVD6ccTM6rg7C8c=","PFUZ2hKOsl6dd6RWuGGhUS450wxYhMJiKVlwSknBl6w=","6ho3UEoRQTyynPQVjkpg2WB3NKcxkCWo/JUxQzXmuCg=","0/Eokz6UxyawjnOtaG6NetTRpTEeoHFbVM2JhyXNiI0=","PwhDs2TbrXBk15d5MfFIVVVnB0fCdT6w/SCUmnlP6I4=","Tbo3x7qcJ6pW/+qmrn78I3OASCOsoKwJjoDfQChOnFM=","fQX7dsLID0q6LYQzXVC8G+rxI2Rbk4EGD984Nqxc64E=","g0DqIBiX7f1pi+Kdynr99OHG5unj1wzbrc8Fad2RvuA=","lO0sHpCjI5VG9EgKSi0kojqk72DDzmQPviq2b98S/HA=","3Lx/4odaBiVfooNsMv1xNGl1Syw9IkHvRZUJ7jz5GIs=","Foa7IsWF5zqJDvWmSZNaR5x1+OaeBXcs4oJCnoGLMPU=","1S5pxHyt+ySbGsETdgiOmt5BwVRiqG31C8rglp5k2Dk=","9KYnmG51/7CJJ/X/KxqACVmjKRKPVbNt+74ZZBylYy0=","yKVs/dVEbezYagvO8d3MUSRc7ceZYTzIJjgeDTbrW9Y=","WnOkRUPdIlprZXDnmP7Yvvj+r4VYGAIwoFtvKdPHlJg=","dPS7JoqkmnUDhbej2CcTylfhqGrMPiuw38MABiVMOPw=","F8qKXTQO6OhjFUeOwUGAHGk4l8x3TVYuQ+OQmsUHL6U=","7jbwJ4rG2qULmf364CxPo5nz0B1SguS7GJXBv7yLr+k=","0HYGs7QIxMsujTzH+T3GCldbm2RyqH5LfKAaKg2vZ9o=","urdOoh9XF1/a2iVJyfJOUyRv3tUTfwQvbLEqMfP0tSk=","9WsSC15lznPfZDhoUNs6ImZLSc5Wq/Vqos3YCzPkpSo=","avfGan8mphW/Lr69OYEzyEQ7gvdyolN0S3JOQ7MRuho=","O73UC/nF1Z0DvI/LJz62QEcJM9/aMJH8DKSRSN5M0Z4=","7CjA3+l96muLaPtU/UsBSn+CjOpJBFOg5s80rF5d0po=","/2QfISdpsWnFVnbZ96ld+FclNqly7kuxZxqSNZOMWd0=","QgEwQADVpCYUCNo9MMSUaltMXKUgiQE9x0Iz5SzfcRE=","DUu7NN84fcS/Q7V+Xkukpcka9c2dG3tntFACljRGDg4=","JzOGaEKQSLKQyW1TQBJ+wNczSz/DGGq/gy1Lda3uJnA=","BWWVIGXTl1ha1rh8n+/8NFS3hMPLyylexqJ5JtZj/Rk=","psGFYI5qwF7nkLkgx7e3viXTMb/knM+19z5an/1S+T8=","YZtfIisroJoaBuofyTNvzBwKKIQYI5u4H6WaVghV3zw=","2rBo7D2Q0KDmVvG/wnBe6tCyeqSQ/X3gMAdQHLfp5Ys=","LcsCDCaqDjMkRyGc3kkvlvaTLi7+NcM9miN3YImr6tU=","ITkizZHsTmE7xl+Ed56l0puOGUy8OI3IXkUIiRGb/T8=","dnRuhj6w5yPdcJ+07enCZYq1xSM61K6t920Dn4CWNXg=","xzOOgknZ6zd8yWsoiXhJNoQaScVp53EFtIm85cW/tUM=","7N4P2JyU41SRlIadKWmSSnXbzCpkie0N1o0UlqOWS2A=","vjpgau7qKSbbpppAz5LHjhe/GnZRCiV5IQoJoGXMhmk=","nkqxI2PYM4eJic67zLUJMqQQ33DBz3AmdCvy7qnRTXk=","MfLrGEdM3RdKWN0rH4V1dpi7av0fibSkDXrpAWXXzHM=","MmLpxDsqVsixmz5oeo+tWqCiQJSMihQgki5bdL3MOZA=","JU6cH5tzsogP/QKRRsjeP5jjxp9CuT3uoYO2ILmtEpo=","A65maEzY1jiphwRIqlRDLxLGa5VwZzND+jN9Y2wHqZc=","wC210RkVux+XrLF4DRx31FWcILRldp0CT7fCWh1HkHE=","gMMiHhgjcIQwsjvWC5crlszaH7CyvAomFYWJea031lk=","hVtIrU1+ElIbMCWvJPOXY077gbM5200mF0TLZodBVdM=","8ab5Vd4YeXTXJBAiElhFoFIFIVUJjIwDN+IF0HhLunE=","+SBPyj0m+5egblap1aEbv7V9FNuV8az79ebksPF/mjg="],"block_size":4096,"path":"generated/devtools/panel/panel.js"},{"block_hashes":["X2v3VCeS84WJ6eUwc1JMwO2yFDlj03ZiechewqWpfXQ=","PPurUiR/lYiydM3Jjkqlb/By2pBSRrcLqNsAf7xnvPY="],"block_size":4096,"path":"generated/devtools/panel/templates.hbs.js"},{"block_hashes":["CSx0uLixFV5BHwzWWHYeIAbBVhfFAB105N+R9F5Qo9Q=","/Felk/kKnBfFG9vZDNzMS0GL9s4+PvP1A2buJop8g1w=","K50IU7AcHkSxYytJZWYZqwhb4a9IbIp8fIhwrkbTo9M=","Ik9ZjJO+DYzsuxLMN6IMecHpZnbIX0iGrEFrZljo924=","2c4Fn6d3TN5uUZJxLHOHrFvWs2TA0zMIHIDf1tKC1PM=","JFwOGbiUw57+yb3XbIBRfHhB1jiGyAu0c31EJzp5T+I=","omQ5ySaIgV2p6yMUAajHZvCRXNPQfrudu8vuAoD20X4=","K8LKIROfWAjeakMXPiXAJiR7/xhf5AQJreyJU/1dzV4=","avdT+xeeaC4HxEfKUrOR6hh/ZCyPHk6Px9lsDOWRuqI=","Y6tPzwg7ZyevnBug06llTDKeE0Gxs3XspYS0IpEOz6A=","svLJv89egshfH5cwwG3uV+LkrCU34IZ5oXZavvjrNOM="],"block_size":4096,"path":"generated/pages/main.js"},{"block_hashes":["CSx0uLixFV5BHwzWWHYeIAbBVhfFAB105N+R9F5Qo9Q=","/Felk/kKnBfFG9vZDNzMS0GL9s4+PvP1A2buJop8g1w=","K50IU7AcHkSxYytJZWYZqwhb4a9IbIp8fIhwrkbTo9M=","Ik9ZjJO+DYzsuxLMN6IMecHpZnbIX0iGrEFrZljo924=","2c4Fn6d3TN5uUZJxLHOHrFvWs2TA0zMIHIDf1tKC1PM=","JFwOGbiUw57+yb3XbIBRfHhB1jiGyAu0c31EJzp5T+I=","W1mq+chxA0L9lkJAkdgSJSkGe1ZlyYmAMthjDmk79as="],"block_size":4096,"path":"generated/shared.js"},{"block_hashes":["NxYiRF+jb0h7QJ9LwA06L4az1DpBiMKOYf06XCPEF4g=","0N3Gt1i8xSX5SCC6sVX39cws49qRuoQC0Q2+zK9aeBc=","b86tlK72K330sf2P3UKxXUsJvFBJ6tdROtOJWQXlr+M=","KhvjXDVF1Uk/pOiJ5L3twat0BHTl/GI0MXjUlGORy0M=","+WJ0jf+eXVX+8/srvELLI2xPn0UZTTaf+Us8LgqE/ow=","E/ZE3lMfYhiUCaMC0fvDAM3KBEgs5G2rjLvX/geSgx0=","NxxLl6gqn4hyMdPU0A2WrzYn8B3ebU1Qa46cGxEOYwQ=","FRN5f7tL/QiDICy/y27GGX7/fgar/p64/E7SQ+DUDVo=","GD9AQI9aRvvBpoH4Af3f30dFsnUuUWCvm+mxGBFIT98=","JMxHnBXPT1wLNYe2y1r4oBeieOFZ/+kHKKZQQkyOBwU=","tbnaffR2owemFoe0XiX5WanhRVlRn8knnYsFaX65sGY=","FrsD2pSY2yZXaRmOoVcdSMXM+PvWuQ/iNNJagIzM3gI=","MdompNzZAAhwxK8yk0/XAq5BklfTMaO3s6GgPJsfnUM=","HcwRHV3Trx6l3v29Azh7gjb9ifQTPayOToDuFeI5eBQ=","8EUldp/2SJb5P0NWC2WqHad8DZK12TCx17FkKbecRD4=","k1yLH1Avkirhv9XXCnT25xMWXEazKTyWqiZ5TpKbcUI=","9Y9xer9iU7NuX/YKduuyBoCnB5xQlWpPPKYGMYeUcwQ=","Q30TywqwrLuKRGmzINEIZaGtLT+4u38wmz+EFq5WNuE=","WNB6Low+fUBBOL5jnXnlrRCDg/iiraFT+CGS9YGOW8w=","pjWI+DceS8cRXtOvEy2UGJDC0HtAyrk0SdQkbB6DcQ8=","R02WuIuH6RxIfSxp/cDjIXFKScIcRQjW0liMZua3hAY=","gBQtx/Un94WzPQVpvt1+wXB2niq4El1cMYvZlUxOTeM=","Ppp3/SBMuT05p6MUK2t2HjIE8l/CxAYhomF3sGaus50=","40KH34Nkj2o2qGY87ZbEUA4SMlg4OeD4V8ryvh91g0A=","ogqp9ZQkzWUM36ohF4ZyQ+H/aKtN9wJ8JoO+O2yUj2Q=","EbORmMnDl17DHTKaZ96O+yGx4slow3DY8W7GA8N3R1A=","8/yEpjy1tWKtTJumeyF+R2BkqllP3RiOg0nrC5dJ0z4=","prb8AI26AN6gT7NO2Nc2C0t8i0ci8HVJ6On+vL0OaY8=","LANBnWopFdk+cwzNvtI6lFebiPN+RTFbgOhwQr8fLcY=","EgGHp4m3K2gILVHG808Botg4DrhdlY+ZYpcRveQqIZc=","bBgLLft0f/MQQ0OWzi1FbslVp09cR+7ApkLqvy2B1HM=","lyYYPMsP6/1D1Aids5ViTjbYAPztLhsK7M8Pf6g2P5Q=","98HWeNJh8893FEZdN8XdrPH0EHoc7vgztBy06FcO7wQ=","nNObNBAH4luqxndbNQNabe+nWt2fgk3BSDtn9sApgsM=","aP631tepaka5b1/xQbnr3ECCqf9RhdKkdotOM4mDr+M=","ZN+Fhmdm50TvyEHeW9NOsGQLkaszayNwWVLSAjxVWI8=","QGiyC56KK5a30L97G6r5yLd3K+lsbNMbstvYWPUCcSw=","zReD3OdsE+69sMKI9p2QpKkg1hwbyka07kBO2tTxpZc=","r2OkKmzp7s4FsEWrVhLI6YdqxNX/ymTAP2uYUoYvan0=","CjgaycM9zkQcc1IQO780J19L/D6VXyLbUg7InE+GAjs=","AjGF2hlN8ZqUpl8KzweJZgtfuZOLsOIiLcjCOnpDNWY=","e866+HnQgNU4k5ESus8exkH8NBsSJOPd6k3zpsaeI4U=","uD2Y0vmLfNaKBpYBDae5McX8jffxTcEWoN6MKR3iHBk=","FTMRfcxCb1L+KZmBBEETKMxqdbNMq+ojT5fQAyMgnb0=","zgK0OXJkNsvHu6Bga60nVpUCUk450Hfov4DDlSHEOcE=","/Lp/4i4YcNtOzQopd8IQAkUMKb1h/KfyrDoIrTLTiuU=","/Z0NOiVnpDVxO4qEqRCA82DiuVxbm/Gu1bhq1xuFPq0=","rV2JpUcAtN7sCy24Lv0qYG2ir1evAfTRIg5o4ilNhkc=","PU0wFWAWf6/7pOvsEk4TrHTKsCXu0TErkKJtK34ZuGc=","QfYblPhypiF5f7zEWMvhpiUtNM0TCNG0j+FX9oCxiqQ=","kCXxVbDhTn1lKZkqfS+ba65BtOmf1GabZ1aSADq03W8=","7YPmORdQaHrVpKfJdHXR1J//dHyjdkjxzHzUGQtMCg0=","o0as/I28IcZZ7Vj1B/CyF+3f5v7VzS/lhmaAh9yMInE=","E7/DSFhNmRTTg04N2Ea446Aa4q9K5RfEXSgi3Y6x3Z8=","KieLwccOAfEUwAjHCeIyJt1oAB0DYxwsxF0kUxahmBU=","elJLGWl2DexGxe4jnhQYcBEm3ceU8k7FP/DEU0rek9U=","d8j5nQBxMMXvESYenpAW/YJg+PvtoxsXvmuQKr4+P50=","QeiOy8ZGQkJ2OtO9azAA1qJZ7DNvCHPMgczNKtA81nc=","iaVShH/OJDuRU7YlcYljjDIlvhGvF1H0rBx0Y2g/UrA=","LW244wH/qWmdnALsifwjq/M0DdBEyiNkAIlRzgWy3RQ=","lYMrvQOaOiFIheph0vSzjoSQyTHEW/AbGvbm7MEFPHY=","b3Bm6ZfLfysZkKYJqWvNY3AgsUZvRcaW/DfjqQZ1oW8=","T5ilpeBSGyUWXyfIM3E6RGvkYAyVqK55RCjZf1u73js=","C4rAuE53vMES8JVtglcxctwyd639t8ZQzpv1bJiapR4=","JstegtHunbAb4deYHm6dgrTAdgi01s38ERtJoEOXXy4=","AC8lXtPCWf7yGYfi5gEGA89mjDVuDA1iPGw+5y4k2lc=","um7Blie1bc24WggCkK3iQEuRqtuUfSwIKvqOUA9UCCc="],"block_size":4096,"path":"libs/requestly-web-sdk.js"},{"block_hashes":["qC5EDf3F1v1fyhsTJODobAR1Br37StPXoDW97ZvNv9w=","50UPvUEUsUBtsU3b2a8FMHpnopzApY5LmfwfTDs8DqM=","1vKh/PSTBX5L7h4zKYi/D95ThArF00JTT348P/4lxoc="],"block_size":4096,"path":"popup/popup.css"},{"block_hashes":["VCiqwUlme/oltRqRdhlbMLAorxjGJVetXFG0S+c5Qoo="],"block_size":4096,"path":"popup/popup.html"},{"block_hashes":["I4GLf9aM0EiymVaM39CmrP/LgrZs/fEFKHZH564Frd4=","VAPEiWWxjuEnGCc+lX4XoWR0vjj2D8e+VlosJJ7DL2A=","EIgojwFm8jHix5EvK0q3xX90+EThMsVtkv6nkxEiPMI=","SshT8yc57l+zsJL3BLL5+BYkzw9W36RfBvs6mmAXERU=","qYWx5y9Awoo8M76AYqM1ag7/ScGzYx2GoY2aiJifmC8=","Ri69A6pYxFSpBJwKYPeVOKicPW6UX5yiLyvutzxzC7I=","qtbRF/1NgvK1pjIQJLHFZmS1aCkV8+A39xFSY8GcBo4=","kICnx8ETwrRQPOuIs6V11Ek4tekwEQy99XH1KcOIOm4=","f5tv5uSwaFzZb+GvwRYSmNpKyy8tWl8eHyaQvVpKLGk=","hR+qH9c9ydVD3a2W9xe/jJRA9VjCpF+Y2orwQopOmgI=","wK3fTiA2u0shf8oRjrcFiaILBafD0sXINdn1TB+jX5c=","gTuKWtnKjtNYhmfbLE5WqDyspVORLRjzfGnkzrZYWuU=","eXdQyMP//zA3C00Omg2U3tIvuOgiZZRhQSOcKkf3IBs=","1d57Eu3iYSG+C8mQ0lwuF7YPvf7ip+oNTaGu4khcZpA=","RdkS6HjYbhRc+ORiNCkJ3P7WfQ28a6mEsskPagSGabE=","nMt+gb7QXyhLdzOvXeC9MuVn1EVtzrJcumBSfCh134M=","+4v2i27yBoQoY6bK5aErMLgfc2jDNIe26a8OUa+pwBg=","jmKREGUmU/nFd6aMhfoz6ytVJmvoieo54fdc/1X5Z3A=","gqX+bCxkk/DCFvkrAmKYnDbL0v71JtB76usaub3TMvs=","LRxDMhGPhpHOMyW1V3xGK13tvl24CkfpYRF7ifF//XY=","GIz4xIFMSlUSCZOoj0vOhwQ9GZ6onpVFpP09qe9D9U8=","IKNC8fd0WhRJxaA98HfSK23NiceSWbmbXPFXGnH70lM=","NbMNBrNk73Xj2oAKpJ3Y339GQlpuHNJhMkxHrQBaFps=","OEOj0mSNSDvi8hE6H/NXDge2GHOPi2dQeJVPbNMm/rg=","usFJQWk92dlcikGQU6MjEc6OkD0XcznggpgFynS2vFU=","dUGoo2w/0fto+KoJkKLrRqjlE9zUJD8eGFqfr8FE3Fg=","pj0k9Wh0HBaUriCLs0xPl7NMeWNeq30TdtgZ8mniGQo=","JHkRK0XU+V/vZpv9oO03rlcbgpiPvHL3OGpO+3DZ+D0=","6f4CC8gZ+BP+e3Q6alCQH7Z6NUjweWk9D5U9mBcPZOs=","vU8LtXy+WKTVNdJ0T6sh0rHcOVV5YsEy4+KmZcHukrc=","BoKVBFrzwX0XPncsLms+unLjp3bXFmbLIX6nQr8iCfk=","TOpvqmaT+7AYyjXh1CdMq+X7AMl+n3ZSoforcgXxvkI=","1aUjrtDIo2YpUCRqPzgO2vYjtjPrmAA0aDQznKijwS0=","E5puskiTqpIYrUfUdyz+KjLkUiDyc6oHEy7bavgdv1s=","BPVbunedy1ss7Bx81nTlni6Lh8vSTAVfkxuvuOjVDOk=","PGBs2MxsFQSrdsY4wpwfAQTAOCc9SjN7dcfiIC56BPU=","DS3A/arggQFDMo3YoRJivbRszp6nM0mo4HOql6JoXEs=","vYxpHr0FFP2g5FZxTYpkBW3MoRt0HvcXvVnKyw9qp6g=","++o/Z4ksA2SH+rEiuf6Ib62ppy6Z5F5X63Oasy51h28=","JJjIs06scNpLYf/itA9HxEwNtIrLmsFqoMlXPiIDxVs=","0/SSgXo/iCuQwlMhOy5vb9qtJJ/nYzrYXgvaMxMlvss=","Lnj3bjSuHeWVd6g/+g2rclzj3Eo51+8MkPHI029r8rs=","rNz+twOJVfb0TQrdlzFgI73V4AleH5Va65Ca2L2liL0=","UP5EoImeWMK77Qo3CAElJo2EgBbaZZxUPSTnc8e/HAc=","NLVgT/GsdgoaX43VMQ1UIUUMhU2BU5LuotJHHo2gwSQ=","Yr6tieaqg18FWI+eg3SNPfFCghT/NBDvP10d7F3onvE=","dR3y35NxXWq3q5F6nodogJQGivclerJFNm0FCyrulrA=","0zrrBgZIFSoatV4Z0KnV0WnK1qhQ8kBRjeFHfLg2Go8=","8vBjogXYSbIGZ8dXNmD53c7PUaxPk0VYnzZizxuv18Y=","bvpxzT8m1ZNtlcT1C9K96nG4XSEwmLMunlm7hjlNaMY=","Z/25Xsfx/4M4NmGSjIhoXnXhYGSbF66ANzazJmHt11k=","2stwCHtAe2SUA9N4IphaUO1z5gcYjFNBX8qXurSovFU=","FXoK+E4hVvC66GSFsVnn0QdwKy6Mv02CQO5om9DYv9w=","AF7FVAAIMgrvsBEcTfWPi08W/wA5Hghzk51KY7cRDss=","wFbV1sfUps47tIE6CSmRDsTUnOhbI/DdHppIqvWRNc8=","jw4lvX16TTgVnYkNWftBc3/pjvjQK8Z6E4pB8GjHteE=","E91bul2LFwxBqBazd4QVmYtqfhuJ5HvXwGhTUR5iBP4=","sfB4wMH2oavSSiC7MyfNNboIWuqGWzqcnPLBUSZM7O0=","WhEBJbSwAbk+6GAsVjF+0BtVP3YzReS949sebRh57jE=","yHFkhihcSkM8nsHcufD+vJOmw7xVdq4uabrs34IRYm4=","RBf/y06UjBy4zL+j+BbLkrnzJ/4lpFU2MEqduGQ1Rzk=","P5f2E/6+/9NeICmsQkEVx1j8HAPK3ge0KO0eQP4MToQ=","TCgWYEYDtqZKCgZW3GPefPegSHIEATkt+MEdhLo6EB8=","cl3KX2E+ygzh8XM0s2Y/4pGaPU22bTzDJBsnEBgRx04=","u3+LtvXcb77BH9sg45UY2T8tVhOP9dZXznnAwWWVdGI=","5K7xQbAi7IrDZ0yd96zTSk9AU5rKIgp3sQTpfdXmHx0=","OWZ8yYuoyaUopBC8EYf8zYZfJIWjcSYZaCEdUVYfIjg=","d8G7Mr15YTTW3eZuSsKcpUJhA4472mZvQMTLRX79xRo=","VLDP1yk/+0BK1GzLl34bIswbjCZWg6sqB+dd2h42ja4=","DT6qo2Ax+Bh7uSxVxq0p7POFtP8f9qegYn5IzIpmM5c=","fz8GoA3/BnDsQweiMrpC2xh1Uo8gIEBda3hElmNaKlw=","am2gGhyH70smwEzEHLzDxbJm3LQxSpxzmuUBuxKPLe4=","fKjuT3TX6kPTGPzTDvGb4SjcfL5ayoILxetXyZNML1M=","zO/rsEtkOkE9fAnMnmzXYuSCUbjbF3NSRI/MGlajfek=","9EDUGBfQbDO1Ena7F1SO7kDJgLpr1hzOqPaQhxeTnjk=","9uanFSw8JGTDuHgM34RYU7Rijn3mIbhG5dxYSmBKZ5Y=","La0YwoGzJH2WIPaB6FiGI44bYIo4W3ea9XXspNnRi1k=","N7jCbCuowaxyV9XI5/4BDmss6tqbSZysBcQP+G98LmY=","z55xIJiNxXc8/dyIa3sAXrDb8SGje2XI/MQ/3XOeKDY=","3ai7qUmXLvICXt77uBOLZ1Jqsc3eHvG66gt4Poehzv4=","NeiRk/7NoHq6jpF/AkXcBuDhDX2S0YtVycqnZo1ZZwY=","z63DYB5Y0SqvWfdR5+/72e70uQ0hugj+2Ga/ks9L1/Q=","V5lOCwh95mETa/Xl0Zsv6Svu0NoW3vpIxPemTdy7UKc=","vg0BJ5dXOwCasJV8qJuUaoQNqWnD8Uifu79b/AnRcdY=","1vZe5QT1aFOPF72hfECW/fDLuIWcCbUL+ECjSOvryiU=","3UjvFQxooUbYqV5wqCq2MomCTPfNllPk/MAzv04jDD4=","11MWwsI8vu0DH/8NCCcQb4xt6U8+r2Guj+Eum02kGTw=","IK1zGx9Sxe9ld1uWNzFacfCQryPsTiWupZh4hWnRVD8=","Tv+WOk/kCMuiblJgdyVey5koY3gEzWT6NaYKSEO2CSI=","zUY0BvlujeoykrJ2mG35Y6+s10Fi+D3Fd2WIMHI8UoM=","eSebRqR00eMjBiVheV9qV43oESlm//lVF+OKBOlj7R8=","E0ZoRqv/3pk7c4dxtgcX4EF9j6ILStfGmk7+x30/5+c=","wVQ366oVTJ4fOvL+P18F5BcojHDVtD75n2YqS5emK9k=","CGnvbayxUUUYdHPhAH0uiTsB8LIFURp6kwB4dU1Mlvw=","VFYHLkwwxfbfQo+KteHF6v4swGgXcL0nghu7ThqkYuU=","1Jep8hxV1AyIcz9FVmdPTU/a/sUXLGUA1Tl5DTtCvS4=","NKcgVLxOJUA6uHjmtOP1T6tMSG/8DdDWvmyuvC2Zl9o=","i8HA/nHNF3jNl+3lEpTjvEZiHUEfBLppLHWAh1SksJc=","QB9pAjDC6VrYn7RlQ99atE+24EPn5dG+luIbWoda28E=","ewQKcT0+4r5fyjnIqMUlmS0C467vfQ02LfKsoUgJhWs=","Udub2CZRKP+Tkpc2h7Yjxoa4YVrEBl94hQFxi9nnj38=","CCIPahAGaEhbb5c1Qb1tf7X+qOr71vyKLFifhpea+lw=","ihkVuHaFD4zlV39DfacPa+UwEMOe8TQViAqyrkdiGY8=","DxWIlGUth/8tDoAdx95xzK6AxpdOOnovJtEweNSd8PM=","sJ+UaW/7SMCRbQJz1u0RFs8sAcE5qZO4pkZYTrF7xYI=","iHmnoU96KkpJmH9lKIBtDj4RIwmCjEbKd0JIWY5l1RU=","WA456P2KtpwRxaNeR+1DPCduPkN3be/+21iJczz3aLA=","rigsn2XOVE4soj3fSnflZPf25Dgos3GNgAm2NhTPjSY=","K+IOqJpI2+/y63RM3cqFOkNSSPqvko7Gm4RAjwVcNCw=","gme1Xo1fvovJ9XEz8vtQr/7p++QU7my7YBvCrEZTFBI=","Vs/OrX6pVgYNAOW6NRTdggMPzQ6XZTy8SL2Ke+5qEPg=","ru1rOyagzWg/H5mSOINVaxl9doOKgNMq+jaMPcx1I0o=","rolZCTGzMJONvh+b7AttjX4J+s+VlRv3Xp1rzlMb79k=","LBiC/b01rdg55YKjiFD57AFPwO7KQqyjXslyWldWS4k=","dJ6t/fCVS9WgJza8NPyp+zye7TvlrPQlw79Mo60PV2I=","002I0e7AS8ys8DpqunlvXFYKdj20hlAVsL/N8njfMBo=","zRgoKOoutQ+ehzSU5yj/WmVpcKDBA48teYmyEMcGegM=","QngcDSeeh3uNdn2QqKrKGNFQLHo4ARSTTvHdB/6B+JI=","fQ20it/dkVyv38KoV1I1Mqjh2t7IdIN4bosXbg4eDHM=","KqHczmbo6AxbkMc53DaSNy8DkWStfSw8QcItZZNY18w=","Qv1KjVf4klv18pPQSQzXhfYaLOIyIfQ/+0U0hEBsuLg=","XHDoMJJcWFs2t31j3Aso6xuSJFlD9d5Hblo+OnBCrdU=","LLX+Egan/xkLgmiJw9c22o+k9VBEbv1knYZ0IyGrW6g=","CoIgUY1RqkuG74GrWGBJs9URXvdOjVpiBGSmAt82lTo=","5uDso3pwa/l2JHUeq0bMyxfrhNMFWRfYvP+eD1nDh1Y=","5wtjDhuPr8lfSvkQt4rd+dTbqEJmfdgG3xVQNfRqHvk=","TMnhpG+STZIyCOBvMjJXulnef6og+Zb3+LezVoYgVV8=","n6UE70SxMRPpVoazPtJ6b3QcVk4d2F6aeXRCYBIfQB4=","0blhopmSjbxwQ7C8JqmJGRm3uSOat60RbubpDaUDd0c=","DLQtYU9LTrfzrKTRH9rT4BcAZAoVBaqbA6jnd7NOy00=","PR8po/g/y1Viihir+QeFQc/vQ8XaN1/IFYJMyzZpR9Q=","cwHqZRk+r3fOrin5O6PnQLxdbPPHBEccSqREXuBij+8=","SIXPcY5bFgCKOlwWsXPsbFHHNX24B5kAJ3A9HASVcYc=","e1ZafMA+1KeZZfyhZ+54oIjDvwkp1RFFU/5m4Ebz0nE=","pxC9XpcKe+ePJ1gL+6ikPQBEioh5yHTw6KZ2Vc34d6A=","a9W/9emYkmaQxZggVt2zh0ONM8wzFBdOf7+LXjtbLL4=","GfeK7au5M5tdDXoM3TSjSGz46HRkIpo4I1hBI9n2cX4=","XNPG4Ti64XRekZg3e8Q43jveebpsNhbjml/UMnH2sHs=","rUM1sNoc8hTN1C/iFDYXd6akawJ/5YQ5nlg6OAZBv5U=","YhrWIR8UdbjIs7YZ8qqLYn+FM90RveYbatBuV0KRk7E=","OwV1liz+6InXgezHaKwXzJLoT8vrdHuLV/8kqNdYgJI=","KH940fErbTWK9hIMqBdPjxVhrG2QPL/QZpZ0UslXz1g=","YrnXRGDwVG8XMtIgp0rQN5X8fnMrKvI4r60Q69RUcJs=","6LXLBGpgFbj23GsypEk13bqyamJocfcZaQ1R44O+AHA=","QtOe1lupbYJkQCgRAATq7A2g0Yveb8re4VWw07ukaFQ=","7GUNhtDpVaOPI17jbt8Quws/9iP9izjSGYr1zihJoUA=","vz13oSwPfGQnARryaH/ekAsing8Q5odU1kJd2FJaEh8="],"block_size":4096,"path":"popup/popup.js"},{"block_hashes":["8RX8eVUE4hfQ3Nlzx4+Uzl3tz7Mm7viGeNOH/Dy1gKo="],"block_size":4096,"path":"resources/icons/arrowDown.svg"},{"block_hashes":["6MGybicDeU8JxA7Kytsm3JSIw73Jsn2bSd7cD9u3KhI="],"block_size":4096,"path":"resources/icons/groupIcon.svg"},{"block_hashes":["3RhGgQp8dWk1aNOxbaQ/7cQKj6L+CbDNoAV3spELaGg="],"block_size":4096,"path":"resources/icons/play.svg"},{"block_hashes":["A1FWAvsbWRu6CTYQs1OkDXr3T1UP02XwHIgQMMppaZA="],"block_size":4096,"path":"resources/icons/rule-icons/cancel.svg"},{"block_hashes":["NshCXumhghf3u1JvXYit1ByqqNc1ez4qlnyH1H5pyXU="],"block_size":4096,"path":"resources/icons/rule-icons/delay.svg"},{"block_hashes":["qLfYz2SYGDwIBdWnPG7aN3Q+Nc0D/XxKdSKK1H3mtHo="],"block_size":4096,"path":"resources/icons/rule-icons/headers.svg"},{"block_hashes":["ePKWf9AWwYfcNxSdmjiwWptfyurFubqwFlQTLeEYRHQ="],"block_size":4096,"path":"resources/icons/rule-icons/queryparam.svg"},{"block_hashes":["clbxgGzfvYwq2pFzs+rHev3U6bLKEz4m3K4jwIDwwBg="],"block_size":4096,"path":"resources/icons/rule-icons/redirect.svg"},{"block_hashes":["nBNUy86vHLIC/0WBnk75GmQvqeHwinrzBHXWAI8fYUY="],"block_size":4096,"path":"resources/icons/rule-icons/replace.svg"},{"block_hashes":["zp898ho10suQ/dp+1dz4LJv0boeu67dfumRBchG5k/s="],"block_size":4096,"path":"resources/icons/rule-icons/request.svg"},{"block_hashes":["tFtTemhITQVZCkeHjCgWfSeENxAupxxCEAxmPCQazsc="],"block_size":4096,"path":"resources/icons/rule-icons/response.svg"},{"block_hashes":["NWBu6KcwRQTd6GENpvbexEjvaygpyqrR3bM3U5kMJSE="],"block_size":4096,"path":"resources/icons/rule-icons/script.svg"},{"block_hashes":["qsUWpHLPBPotv0HvtRerFdgxBUijWdklPxj9EfW0k7o="],"block_size":4096,"path":"resources/icons/rule-icons/useragent.svg"},{"block_hashes":["wXGX5mc1CMJTrVKMTxTSRZX46LZU8O3vRcIPitC+d/k="],"block_size":4096,"path":"resources/icons/videoRecorder.svg"},{"block_hashes":["dSB2qutXOem8+30iMdlEuHxAJoDpu84mx10dy6KpDmc="],"block_size":4096,"path":"resources/images/48x48.png"},{"block_hashes":["wWpkGbDfsG6lKHlASQf19ojcBZJOGkWyFa9dkgTvPgA="],"block_size":4096,"path":"resources/images/48x48_green.png"},{"block_hashes":["Bxq9X8pwM7bDdbLObneGRM94vxc0aLx10188AZNzaRE="],"block_size":4096,"path":"resources/images/48x48_greyscale.png"},{"block_hashes":["qQRVOZB/Qh7sLjM0twmTrvu9ZFONaLLa7ERJfXPTlsE="],"block_size":4096,"path":"resources/images/extended_logo-96.png"},{"block_hashes":["ztCy3VT/ZyBs/8fSheZdnxss/6YGPQSrjeNQKsm5DpA="],"block_size":4096,"path":"resources/images/extended_logo.png"}],"version":2}