{"file_hashes":[{"block_hashes":["2m+KqMndnLk/JCn/1peCagRiZzHSgJzSuAdAqUM+4I8="],"block_size":4096,"path":"css/fonts.css"},{"block_hashes":["U+duFgwWD9+5EVK2cSMX3sM6TV/E470lT0y7650uRVo=","S98lN6OvrLcbmydT834NEOFP6ZGk+V1MtQYrWb0dnZ0=","dv3OPysUU2tTrEB9vJ/5YoXnJVTDI1bFzZhiM38hsGQ=","rp+me29hncWQZt2qe/1hjoFTv6HsgJ4/VpATB4KPUhk=","CxmPsKJE0dGFPhyG5udI9CYzfC4juom6l6lrwyTFnds=","Mk/cBp3L/fTMROFoytEumWF+RPTZjOdGLtfSUg+3k5g=","7AJ6k/KS8vOlvWCWsi63v/I+NYdv7prNvOFVw3wmPZM=","oVQhVas/A/N8etaRRQypDx/AEGmkKWZxfTDeD+RvoLU=","j2GuSNJYbV3SqzRES6PIqZUoYF2g/lbP9gZ49+XK860=","P3npFTVSX4/XaiA36PJ/VYVspfD/w7h2XJM7NELBNeA=","TF8FhYuFk5IvimclALhzJ4RhhtnpE+wdDJvVSkCU5DM=","Qnb43sqrHIa1dEd54KuabPD5exhqaLHFs6QiDGSzhhU=","2wgd9xSBMQ2OILIMBKB1I23L3AyOdSGanBjyhoviULc=","hapyNcET8LRxJz6ELRlNt2Q5Qi2EbbVkHECZH6fdUvI=","mdUeaZ+rUkNg4+DgOkynsN4gpHhky3eGSe50AfrbQiY="],"block_size":4096,"path":"css/fonts/Dosis-Bold.otf"},{"block_hashes":["0ex/ZsYhKgkzlsNw/ght/9EK8/Yqu1xI+Qc6GZqNoJs=","u7+hUhEYQYpSRN/oNwQyNI6mckTKwzeQQItT4lAJjR0=","vAtJ9ArayaIG3HGi/9r8X0euadqfEGUY1DkYcMZIR4U=","PNkLaxRaZivoXyzpgsVfWXkaGaVTE0eipxgW01YO9n8=","Z7yZLF5qBRRzYU3IHt5UMk0VbnxJGgidQqTWIkpZxBk=","UyrrKln0i4p3N+5CP6JEvnIQDrkL3SnfLgSNl3ZRkVE=","6Xq7BqdjmnroSP94jo7vRrwvEKkKtlYjp9rsbPt0A5o=","aBoMhrZPSR1Rhrj6nlGbY9/ZJGz7OPEKTcs61bAMeAU=","T0Uf0NXzou35t7TKE0+YBq+L3V0RPDV9L8V9TENg/eU=","xQslhOEPSSq3vqtmH7be9IsUAbeuM5rGYrWX7gp9zw0=","Hq5E3YL8rCCA3z4V/Ldk+FGj8npLIpua+JGTm+RDa64=","4DgntbsypG/bGj2DoSJ2fKVxgoahusi5ySh1XbmNvfI=","ir3xmMf1fHd8FmjeH/Tcdoyu9pMX7p2LuKUYyObZxuU=","Qsoz1l8rijHxdcXXLwLAcH28LQJ/8A1TFh3WI/YymGc=","RAzek+E4UN/ozdG07qFRajiHTKE0Ja5RKG77GbWv5Js="],"block_size":4096,"path":"css/fonts/Dosis-Book.otf"},{"block_hashes":["/R7LbJ4+zWh//nRuvz77VQhAHYWxUYbFqIjkRJA9A1I=","Wbjcy5LAY5SOfaSOC2wGT/os5dPPxtF76rOcxuO4x3Y=","zRWa57gN8/kptE5GDJuPyZeuf2OyvjtM1C07MDy0STI=","tM9my3qh+UZKv8nAms+fuf5Ck3NHffYjay1NlnNFxrw=","L66NmfXzFGl6gpOkFYptXsxR2VUOHnbKyleRo/AsqA8=","D3PtXEpJ0tBvSNYN54OfNlULsmhZEx4KFSAr7mzVT8Y=","2eqnu9jZ28ofcidn1kTNBGpU9hjwxBUJ2Q6In/XrsNw=","o5rQyPyvNDxpPAAHpn3P6MO7xTyx9o08AfQ1FulKHcQ=","1C9IVQSOYOM2IXUAJd3+vrNvdVdeLCMW7nNzj1FVuqE=","ppCWazoIU9G4d9s4Wzf8p85W4R6hrUlWNrMHjHajkRU=","touyQxTrqbe5KuNYiErvEDum7N78PjjZT97oTSeYTFA=","+R7/V1XJUErXOR/qWBBDjuKiKN0Wnxq4uC4ODgR6Q1A=","wcOvGL100IMS+rvuYCV2VXqStBaWWud61mQNm981EFY=","TJdPcicaKtL5oZcF9ukL7nvmhVbdJV9W8tnO/fUJA+g=","h0DCKDoOz3VuwcrMzVUvREMWMiHr7MDI0dikjnNFN+U=","MhzXTyqqwSh3DqfeCd+ojVNalCM6YzQRwTLHKH3PuL0=","/kqCI3rwFafpd8h0Kn4M9pDZj/nAbBhdwGxHBT006r8=","ZsFvpQbE4Tqp+iwN63nkvilIe0Gt0xWjbuqUkQWoUro=","kDhaZ1xXX6d9HuF+7SlAuOt37uxDORYwev4HlpAztqk=","ZS3CzOKOvcONXADAEva31XvrLo0n0mxEAAluUICqi+I=","j9RJHvNoNL0R8H5pjj8kuX7PdQlAj00NAnD9QDCVZas=","MmMCTW8bi2z/yNpbqbl0My5TDbDy1SdcRuGYbCi7thg=","FOaLN0lzHo2KE9Z5d0De+UfyKvRH3tXk5brrvymnXiY=","qtKDqmLADsYA07G/8f86M2ZY7s7ibxF4B/+G3Mr7+Lg=","Zw7Q61iDABFLM2ZYDZ608g6Vtn8biXu/67fS0If8uyU=","uKHy8kufl4BB+9kQaSS4lFxAx+wIYY6o6sn6oJRIrkI=","GkoceXWiO9pgIjRiDanFhB2QlwBzW19teuVf5QEoBXk=","BR+N9+7F0kI4eJTqFkhivYSfLSBYhdLRacD5SjAXTx8=","d017IC/1VQBY3WcnOPTwrsiMBOnval3YgTbuq822+VM=","4HdBnf8jvLxddP+RqrB6GvYTUi+1ZSb2hjqGnnxVkl8=","lac3STC7DY7BgKY70GKzszKfCCmCOHtILaG6ouQfo9U=","PCDBNxC2K8H5kMu2zJmLr1gUFME+fNj+VQf+nV53oio="],"block_size":4096,"path":"css/fonts/SourceSansPro-Bold.otf"},{"block_hashes":["S9v38DnSI5O5cQKpmTMQIvk591xeIGByU+FGbH8/tK0=","qC0mft9H/geEkwSm6Ta+xaTRxyMj8FySVDxAElTnKUA=","GrQMc90SswDgQK9gnO7s0egDuwXTEot3kvn72Q41QnA=","m4YeB3Nf3sXTpFKABVNp3HLA48GmTUvcvUj1uRIsos4=","3pi+DDOhauD+k0RnoaFJVGyhwsnpmGGrNscXLrjLtWk=","OhLXCYAu1SZ0bxay55EyR9eMXshT/lxrldshuaLGPzo=","UmEQb6gTQcoaGmZ3rEYt1Qv9PL8WPuboT4SHRsceXlE=","Pl9hP/2A9/0aj30aft3bsxbefxbCjlu92DZGWAtfVxU=","QOaZnm5UBbzyoSqgWpsm/HguYT408w83lWeRi4BXNVQ=","gG02co3VMzrPyHDMOldxdw/jHzCe34oaW3NtIPmTuLU=","WqnEH8gmK9HZZgJmAHGsvcL5lZBbEqYRzQD2TdWTg44=","qU/Sol3kRmCS/DHQY8WXMf2vogkODorUAAy0E/Czt0s=","hhZy+my8Ggf5Qi6suAcSrP4E36zLl/2nu9CqqE2W8/8=","+Ue39Vc/s4v0Ozv33PMRmHA0jdqVk2MWNmMwaVyc0qY=","639If7dAf8xWGw9d9KUXe89Tv1I9CVHCKW/vllcrrhc=","F8jOjJTkDenaPC8GbNG6GV7HjRPLu4CcvOmLbPXu3W4=","Gg3eDC7XUajeMWNpWV81aK3cpNkEfbtIEOgDQZoq+a8=","wlh99LjAANBNw0+R1h8BOLwkceOFhIVj/tABo7+x2FA=","YqpWHEBGlpk18+WVvRUIhskb6IWzXJAYmndOSWosbmw=","rLrnHupbHlWhNPJRpv1xOOMuf03d6+DZzHPvbKNXGLo=","VaWCeyWa6+XyuAT6L+egw7JwOaxKU6Hp3u9N7EDZv3s=","00eLUYWdNuiNNdh+WN41mGlx/nbVmVGiu43qv47WNtw=","CfoLbzqcWxgyqzUBWey+iweYzNht5dwgA1Z5PH52iTU=","mXFyfLxUqJJ5Gb81NYx+xtQnFrOtjLHjnUSiR1deBlQ=","ApKaTVVXeCJIM2VKe9ZvPR7n3+33xMa9PXcgBifEkaY=","uWpe41hsDTVK+rrRa/dWcKDSDzGthoDhf9RFJvQ9aHk=","P056QJyj1JwfdKctUlPnj0Q1YdweMUhx/pjgeXSeWQE=","4swt99GTBbeHPmJdR5VJKsSWkgd7BR9LFgEwsXzOTu4=","PkDLK80MxtNDcoO73y3DMXVorkDjMb+pz3sBAmKq5M4=","SE0nrE4vy1wBfVHJWXizhfxc5eyeNRlC6j5DiEesZv0=","E5rxMAafE+bQzf3kZWDLCM8162YrcMEZAq388Jzs6k0=","yfLIYDiRGVWymPpxKFQpWA9Azov5IyBxvLghyTE6qpg="],"block_size":4096,"path":"css/fonts/SourceSansPro-Regular.otf"},{"block_hashes":["JCyjsNSAWxPfGs1OpnBcWDCyYCL9pwHcr3msJKoecOE=","H/S5HFMDRRN5md4BKqyV+hG3maj/o5Eg+A34oEVWDQQ=","v6ySOnlySdMRdFdplt5HFU27azgLd2oyb0b/Gkhu3w4="],"block_size":4096,"path":"css/popup.css"},{"block_hashes":["47DEQpj8HBSa+/TImW+5JCeuQeRkm5NMpJWZG3hSuFU="],"block_size":4096,"path":"css/style.css"},{"block_hashes":["sNvYOWOuZoEqymlWet4slz686uHyp7IZO5gaffIb1nc="],"block_size":4096,"path":"html/options.html"},{"block_hashes":["6or4PzryqkRvlJZ9tAPkVGVjlyiGO05VSJQxVUCOnmw=","3pZackQoq/V6cJPTEbMUQLHNK0vQAoWK4wTytbNFGyE=","buOJVCA/Vbn4R9xQ4oiQ333VxkQIzfDJYXTD3ZzolMk=","OAJYDkl+3HkokoV6/zhCubDiHhiT/BLwhfl99lLxClA="],"block_size":4096,"path":"html/popup.html"},{"block_hashes":["FN7JZdQYtLgx5/N7qeenBPo/amCk2MD9rXOUPbBXoqE=","+V1r4tl2AZcn2AKk8k0/e0FDpcFYG3iXw8MMXJPDB5o=","6M3t2tTv4SkOi1hVkiShAoTjw4iSCraUwVr7gvfrHIg="],"block_size":4096,"path":"html/template.html"},{"block_hashes":["7lDurPaSYuc8wJA9Vc6n7CYMAEhoeA6zjoB37SR76GM="],"block_size":4096,"path":"img/arrow-mask.png"},{"block_hashes":["wkOlozvvr02cqVpIluTvrsPo2+g7f+mF2iUSdlD8Bow="],"block_size":4096,"path":"img/cookie.png"},{"block_hashes":["czIAR4zOJVkz+Gj+HcOEi8G9Y189ph2uPx4t1uLAfq8=","Kpyo6jsoRYAbb+G5i/9sDSFUNTj7W5BWo8xf7KvaT6U=","X1dxxxzBa+9k5ZF9UvA7QlQDnmyVZcsXcQDA55+wpU4=","ycI3MJrDDiepR5fCCTROziK1ytEqWb3P2TNyLJiIdB8=","6tDw0D4nxzzwGZgM960JlB3gsqzpLoGnhVxuBsubPLY=","pr38LO97VxA5OM/Ol29/FcaKTpgunIKPewXn2kdENpY="],"block_size":4096,"path":"img/curved-shadow.png"},{"block_hashes":["6rfBuCB5+BgJeCJTPcxTT+nIP5ilEmvJmm0IMg1oJOQ="],"block_size":4096,"path":"img/icon-broken.png"},{"block_hashes":["mtAippddv2rgawdxghBSGKKb2ThcPkyS4uLZg8iTle8="],"block_size":4096,"path":"img/icon-canonical.png"},{"block_hashes":["3/DsQJgOoCZCs3eHTeWQi4ZuCXLJx5ZvC40C/zVrhGw="],"block_size":4096,"path":"img/icon-cookie.png"},{"block_hashes":["5dxSRIhxhzIIbSynO+5txjrMd8JSCjEPkNc3OVI5i+0="],"block_size":4096,"path":"img/icon-final.png"},{"block_hashes":["KSqqwxlWy8Hrp/WN2tr+RJIEf16H1Qc0kqK7jAW+U7U="],"block_size":4096,"path":"img/icon-follow.png"},{"block_hashes":["AZK/0vehB1Pw9Gs2v2j2dBzHMqPzI4ll/HL0N5nqCT0="],"block_size":4096,"path":"img/icon-index.png"},{"block_hashes":["8E09WTjPhO6R2Oh3flMNLKPkGMbvJOZ7KjI7mvqJb3A="],"block_size":4096,"path":"img/icon-major.png"},{"block_hashes":["kdkTgSM81iehdru/Ce+RuKga9kRGgryAws4vh9e/Gfs="],"block_size":4096,"path":"img/icon-nofollow.png"},{"block_hashes":["GVdLqw3hmoRHiXPsDzF5MHeqQDuel9eiOaBcMfEVSQk="],"block_size":4096,"path":"img/icon-noindex.png"},{"block_hashes":["EIiidQzRy6gu8v2jAJMaFB9uhB95x+g2HhSuGZMH2cw="],"block_size":4096,"path":"img/icon-time.png"},{"block_hashes":["Wa65J3YL6Vi2kuGYd2DhkAVyvqtRilrGK3WGoV3mVWg="],"block_size":4096,"path":"img/icon-warning-red.png"},{"block_hashes":["KN+IrNswuHhywfExXziigYTRjserHjqi+6NrJlkBidg="],"block_size":4096,"path":"img/icon-warning-yellow.png"},{"block_hashes":["u+cqjDuczwbbvLGKX7BmsSbeXL/cdwD4chdF7BRvg4A="],"block_size":4096,"path":"img/link-redirect-trace-logo.png"},{"block_hashes":["kVjAj3fHcowvuEuTuuNnFgpfQ33viPTvg41GNps4U1o=","pduhqDppuWizgD/lxmczrvpBJhkENBHt5BERM7UUPbE=","AWs4LteZqX9t8zIjndWow0e5r9pyqQaG7pbHj0NOiK4=","dJVqfuNtLPe1ShkFxXPvdpW/64+EjQwO/tWnBZZVNxo=","HX3Xye0XXsPKa9lgo/jUeT2QX5VAsps8EBng53IVnIg=","/A+sar4I70e/o14wKFSmtH8Gj7+MtVVSmQTcsMG7mbA=","nGils7Z5nm0m6/b15Wu57S9IJvjCCSzQEW032/PzVNg=","24OS5T/b5Mk5XGoT0FshcSlNAdI08bFtCbpKr10orwY=","Rro1oC0i6WTe8f9eAcdgvzpxd2cnBlxDQdqRKP4ABpE=","2Ir+8u4BPor1LXNvekcq9w+t/rx3cZ+GnkWVKQn6cpA=","N7+HjpvN0Q/mLcE9WhZqo2PUJ314LDt/v6kWAT+ZB80=","1lusBpgpC20VVvZW+F2IhLTBPhcpM9n4MoTg+juM5vQ="],"block_size":4096,"path":"img/link-research-tool-logo.png"},{"block_hashes":["1AYK33aHGtsXiYDHCBM7wa/hj74v/YHGoJPgCGeewx0="],"block_size":4096,"path":"img/settings.png"},{"block_hashes":["I4IASYK9kGYuMQv/unXUUdxv4K+i1kWaiEPfgM0a7wg=","WzQhEviv0I20CaBKOUMARM3ZRsKyVTfLOOgrnyt5R3w=","6GHCRcXGn04rLP2mvImhVxNtGznyZqGf67gdybUE5ps=","A+6AkhGLJnKuyoSjAfM1GOyc0G3JpOge/PHjtEyAgAU=","g7no12QZUpaftjACzQL+mNTnxgMndUDT6xPZfHuGcM8="],"block_size":4096,"path":"img/shadow.png"},{"block_hashes":["FJLfPyJ0KwqlvO8EAyhmlPbwVifDhzY2N8T/ZSt0vQg="],"block_size":4096,"path":"img/star.png"},{"block_hashes":["276ZmaPHusWoSkApsufczxLg+FOV8CfynUOWoGnKvNs="],"block_size":4096,"path":"img/templatePT.svg"},{"block_hashes":["vROqDDa5g7V0FjlNgFjIsh0tdVDtANckNDJ1Dny6MNU="],"block_size":4096,"path":"img/toolbar/ff-index-canonical.png"},{"block_hashes":["/TirRGfWxorrY7zJVJu9dH0ET1bMsxghnEPmiKiw1ho="],"block_size":4096,"path":"img/toolbar/ff-index-follow.png"},{"block_hashes":["MFW4aYtiyJGwTqOco6bIuWJ+qwIkMS3/GSOWcGVKoP4="],"block_size":4096,"path":"img/toolbar/ff-index-nofollow.png"},{"block_hashes":["JjAejV4INh/hkgcgB8HeaEtiBPSNfAIEX0EP3CYK2m4="],"block_size":4096,"path":"img/toolbar/ff-major-canonical.png"},{"block_hashes":["dNyLTgTIzn3qWzemkzX8QyMkYURJ377H4ZEWzlzqQic="],"block_size":4096,"path":"img/toolbar/ff-major-follow.png"},{"block_hashes":["U8Ir/VYCOmroF+VyAcOrrErQPAoB3WUyBmw7NbQDBxs="],"block_size":4096,"path":"img/toolbar/ff-major-nofollow.png"},{"block_hashes":["GIUQqKmTdOyrDcSXGSz6lBOGU99D+b/CJ2An7mYzorE="],"block_size":4096,"path":"img/toolbar/ff-noindex-canonical.png"},{"block_hashes":["erxZTRukW9W/VmwTdUEIlvejEKdsJS30rKZOxqNF6sk="],"block_size":4096,"path":"img/toolbar/ff-noindex-follow.png"},{"block_hashes":["e9DvN2r36b3ALkIzHbIrDqFo64TLawqi60phBoxGaV0="],"block_size":4096,"path":"img/toolbar/ff-noindex-nofollow.png"},{"block_hashes":["sp/jEqHXMw8povOjPYB1faomViSTDcEvPXwYaahvXoA="],"block_size":4096,"path":"img/toolbar/index-canonical.png"},{"block_hashes":["sUW1V78Mdms9/F9hrU2aOkn9ZBeFIbhUdeD6oYFjEAY="],"block_size":4096,"path":"img/toolbar/index-follow.png"},{"block_hashes":["rmxPGITNv5t37HiUjGR3EuykE7zOwMXesG/fiKUQ21k="],"block_size":4096,"path":"img/toolbar/index-nofollow.png"},{"block_hashes":["czrPktbk+tqmhVn03idVExi4+1xdDiGHxsULNNfdg7c="],"block_size":4096,"path":"img/toolbar/major-canonical.png"},{"block_hashes":["h6OLPWVGPHMe2kM4mJsFDIWHO2Vax2B0zowvAzxQPiQ="],"block_size":4096,"path":"img/toolbar/major-follow.png"},{"block_hashes":["MUD44bnXPAKvhSnwBhIc8XS4wRVNcvSOeZkeFMWKuk8="],"block_size":4096,"path":"img/toolbar/major-nofollow.png"},{"block_hashes":["auNX45kLgc4HOGVuCiOvE3sOAIV4j0G4fC9MOyhdSS4="],"block_size":4096,"path":"img/toolbar/noindex-canonical.png"},{"block_hashes":["5XpQYXEtt7JmtLRO6Meon/Jjy3gD9d9GcG7+IXyQ2OU="],"block_size":4096,"path":"img/toolbar/noindex-follow.png"},{"block_hashes":["BDpwY0GfKaW0Wx/wfpXt2ndoa3JQxAE124AxWHFYaBw="],"block_size":4096,"path":"img/toolbar/noindex-nofollow.png"},{"block_hashes":["Pwz4Xnjtu1I3QiVFWcMKIfvl68fwU5t17ZMqtvD7asQ="],"block_size":4096,"path":"img/warning-red.png"},{"block_hashes":["7gzKcbyMGrUhwW3M06IRhc3En5i8pCcBhJuv6onn5NI="],"block_size":4096,"path":"img/warning-yellow.png"},{"block_hashes":["5wIzM8snDesrwgjIx3pm0xoQDRs16ciSoPpUC4pPLhg="],"block_size":4096,"path":"img/warning.png"},{"block_hashes":["Jyr9z/+3VpBADqn2G/CXOpyHVrqFyPi8y16zVdajJ4o="],"block_size":4096,"path":"img/white-arrow-down.png"},{"block_hashes":["LtrrVeDwVrDowYA4TMRAI/2NJz7jItTrRyG5ETkVlMc="],"block_size":4096,"path":"img/white-arrow-right.png"},{"block_hashes":["pTFJH3z9mXS4BjXPrHgDP6pWfYpPyt7/F457lXn7BkU=","C6PK1rFWz2bWM5RoVvi9hXnNRY67Y5LtzoDtEXgdMHc=","e/42gVDLXe77J9CEZD5XN2OxcnBnfdFslk5Hw9AJLss=","xLXi1p5MF6LfRvoj6BEehDv+ayzjgcDlSirHqusod3M="],"block_size":4096,"path":"js/App.js"},{"block_hashes":["DQGHzi1CCzsxbFC3fZPt82WKayGsbP+3/9ia61VCiCM="],"block_size":4096,"path":"js/background.js"},{"block_hashes":["/8BENn9yTlZdZ68zkoLp04Xm25PwdgGULgyZtLdE4TQ="],"block_size":4096,"path":"js/Cache.js"},{"block_hashes":["wm1AkouCRwHdchC5pNIYfr5iVfJGKxM+u1cLuE7WvGc="],"block_size":4096,"path":"js/ChromePlatformAnalytics.js"},{"block_hashes":["5sSAmKsNrlLpCU1REszFFokqTMDV7MlYMIT1gVf1J9o="],"block_size":4096,"path":"js/cs-page.js"},{"block_hashes":["aPBLice4xXs5bhp2rhSo+2mVQuirXzL10ayT8XSBpOg="],"block_size":4096,"path":"js/cs-screenshot.js"},{"block_hashes":["TKhfRuHXXSmuaU/vn18fEJ75aaYU+MsnG+Zlq3yw+KI="],"block_size":4096,"path":"js/Helpers.js"},{"block_hashes":["oFkR7UBAxZLoZnHLO6C2gtUxkcTzYS7RB6aOHuqJl+Q="],"block_size":4096,"path":"js/Hop.js"},{"block_hashes":["lv+Giz/M76G4EvSdtecyVz2ZJ6QNE8g1kRxxLGnCOFs="],"block_size":4096,"path":"js/Icon.js"},{"block_hashes":["uePgX0ZzeFF4p2DdAXTAcYjvC3TqSn8g+l284CGFfVU="],"block_size":4096,"path":"js/IP.js"},{"block_hashes":["vgisemQQrmmaqhObNrriaoGunItiQDNyjowbklWfUb0=","JKSN9aVpUXiVkInldb9BdOA6KiiR08QLo438aN98xeQ="],"block_size":4096,"path":"js/lrt/DTOXIcon.js"},{"block_hashes":["TgYZ1/m7hOR4jjNXaErZZNaHt9vb/iHNJH1lybYdeD0=","zsGh1asvB2GUu9US2X1KQh4P5I9N4B8Ff3Gvi5vubyQ="],"block_size":4096,"path":"js/lrt/LRT.js"},{"block_hashes":["vOXTaqNXLwFnNvZbe2v/PhBrQFvY+MyyDU+LME14XWw=","UcSIcaGxTEmerdEJaMj3ygd2qR59rilDOuKdtFzIpag="],"block_size":4096,"path":"js/lrt/LRTIcon.js"},{"block_hashes":["f5O7xKWwk9KSGuP8baasDISvCRDHq+lPuiEPfTwIFFg="],"block_size":4096,"path":"js/lrt/Risk.js"},{"block_hashes":["RVGMIkMYch1+MRcKEOmJBeLh6OYlIm08n+hIiXZrebQ="],"block_size":4096,"path":"js/options.js"},{"block_hashes":["riJjz90fhVgoXgHu8VJ2x/0YT4bCV2hzNUM89HNmiHI=","aSiS4MqDNmfy7jHCsgzSdDdiHKDJYwCpvvUGU3uqLzQ="],"block_size":4096,"path":"js/Path.js"},{"block_hashes":["BHjrwdj63WOBkABlRdDmQY9mJRjvE/lOjquy3wpoEIE=","37ss0vNnXOsAE+uh9LxnsGNVu+nn74+tgPm7bMyZb6g=","j0ocKZYJgFfwstzAQQpNpXOmEsnbbOpWkfPyswWCAAM=","Zb9vwzXZOGAS9F4hYk5PNII5i9OdVuoA8yuNIgMuPx0=","lqiqU8OiH+xXpnrLS9aIddnrdyEuKu+IbcrO8vx40+4=","dRq3ThqUdIfkCTFfx2HEcxnx+mNV4QLyTlCGOnMYxxQ="],"block_size":4096,"path":"js/popup.js"},{"block_hashes":["iESYMMZkdqormkQPSou1Rrt9m8mZz62gIpU370hMLwY="],"block_size":4096,"path":"js/RobotsImg.js"},{"block_hashes":["OR5OJ/9X+a+xrHDPeNEZdXzbnkSaLyvPYgQ4wM4krmA="],"block_size":4096,"path":"js/RobotsTxt.js"},{"block_hashes":["ZFrrW6bPxGwEK83QRTBgjwlf77an4gLFHSlHQyJvAEw="],"block_size":4096,"path":"js/RTIcon.js"},{"block_hashes":["kWopxrecP4XIAxaMDTVnf9dBlrk7K5yV4tzfhCBEV0Q="],"block_size":4096,"path":"js/Screenshot.js"},{"block_hashes":["54iV/hWaBQc2QlHJQFDR81/+9L4B8zMQzaLMl5KRI/w="],"block_size":4096,"path":"js/SearchEngines.js"},{"block_hashes":["WL5WUNFeJb/FaA/dD5q/34AkHyVy0gSSOd0ny49GE3E=","3Z77G2B4iFwIF1MXxfN8F207iDJfZ4hK2gNkb0zdJv4=","UfnEvZNqEB7PsfjecgLN/keqSXM9Ww5eYk+A1dGlr9A="],"block_size":4096,"path":"js/Tracer.js"},{"block_hashes":["JOTvvifJDca+0MR+XOL1w3adWj9DpdJ4k/GArR6sKhQ="],"block_size":4096,"path":"js/UrlChecker.js"},{"block_hashes":["kBFuYGxCzvf7K73FaVckM17yTbAfDC9jwlWANM0dqpQ="],"block_size":4096,"path":"js/Warning.js"},{"block_hashes":["BLXjEMBl+o3Tr4vf5NzMianePM3JHJUsnc+SiMtyttA=","H96+SKnN9cwfk8NsilRJetjLhyir63RI20nNkmzQpFA=","G3BV+i9h4+Ks6/vqS95UTdWEBaFWMbIi9yMwKccNL+A=","ZzIVDgIqGfaEsA80wawjkkPTT4ecgPOOOQGk+CD/KgU=","t8L4hZHs3chCWiNGfSZzQ+yqmuq/+oEd6cgbo/Mjmdg=","Tc+LXXLcdeHPYzPB0ELH8blTxtkNH0Zfk6H0n64cLlo=","kEH/a1+sndOInP+mYvy/PmFY2jARzEjUNthGThjsdZw=","n3U4Qu7Tm7QQuIsGHkBYIMif0MY6a1t72a/rcSXv6EY=","BTiMCG9OOLFhuaso3y6aPZqINYm4nqHUSfeqVPttyho=","WW5PSlcD2sfvyf2fnupU3jyUg4/O/NmrocVlp+u6VdQ=","IRv795HoFnmwDUc6xdBrecYD28lzOhSULYQPHaDxgxM=","fWioqrX0IiYMO16VKrBAp8jUMbJzGxNRH8MyUCXU1I8=","4JMutLaijJ6r5AphOjlcP5fF+9m9fI+HbT7WzFag5bg=","JDtw7Ki6gNYltHRta3cJpPoyou8XibzlZ884CWSozOY="],"block_size":4096,"path":"lib/google-analytics-bundle.js"},{"block_hashes":["C5ed7ucWsFJFBiWDHeV7pkmMxZSq9ArRrmpKQtLKe28=","PjTa1hgMwdiIhyWrjKQv8CC2eUJ4GkGRcZQYQWmUviU=","fweVdMm1vILTtqChwGkx7B9kcO0ZtAtYk9YfmNfkmPI=","lp6Hizu/Auu5mCk23SrKaPrY7Cz0HZ/I1hXyl/ILFp8=","OR97sHLIDIZhRkO4+yWMBBiLgs+UKBgzizCbwtBKhJs=","EzV2cl2kg6EO0/k9jBUS26aWDs0sBSsgnGzkaG0ZhXQ=","Xm2qy2KjXY8fTCI11+Ns+gWmlSzJdt7Iz7ytYX0Mo1o=","hIwuQ5yR1XP3Gyk7hCeRLaiUaIu8XuXewZd2exTkFKc=","dMr9Cgs86fR4A8/dkgLxehst/NOQLP/2XxHktFPq0zI=","1oSSP3NTIfzgwcuRxOgE6CehU4I5+hCKM6UpTfLMV48=","TH1GiZzNcFDD346icuIAciufFeQWsecHP3dL9MbcIbY=","Ufh2I439GObJ/fIZBasOxeLRCUtz1JYIn9U/sufnIpw=","XOTH0BSYGEQ21BQ9Mfw7Bdownt71zSeaTbjAOOY0LUg=","aZ3g1Jf1AgsCwphkU8kHesLy2i+Rl7TOrtf3o2QPcpc=","P+H8BsYZ1zAe3ZefFqdufpU08Cx0Spj72/AVoFsgKHk=","YOYOF7twwaxS+ljimfsCkpYH/Px3JD6XsKC0x3AC4X4=","5PSzal804XyBWACzbzsVkp3dc+hWiR6pAOXH23QDJwQ=","8VCxJ3seV46rQRr7/n6sBi35dj4A6sE2Z2N++Ip5eDI=","QtaIGMdn3vqcRGGB017QIgAzXt/dL8gUzhz3oykqVnI=","0CJaaL3GHGF2OGZPBIIpG0gDOpTxwOmosfjOaCI8hJA=","s3EoWg3Ie3rfDwCPTVAkUkKQ457+9Ni0QJobR1Ft9Z8="],"block_size":4096,"path":"lib/jquery-2.2.1.min.js"},{"block_hashes":["FC8L3Y6hWPkyKG0mWYxHtohhJtMszxNSR9a0lh/Ys5U=","5gtYwV3dM2FxS//YlvtaiS4Xp/nOGftW1tD+E0s5nXs=","Q/W9prjfyJxIxLTo3etick47vi01huBnGNnKvs6eZxA="],"block_size":4096,"path":"lib/mustache-2.2.1.min.js"}],"version":2}