{"file_hashes":[{"block_hashes":["FhpMXMkmfVLfN6EfMj7JVTQFUxJfaGVGvxI+mdPTyZU=","qpvE1WsVeaeGC1DMt1H4uWsaAmXvUBI7GsA1kDT7AiY=","L/U3RlQZOyQOOAtBHkAq/2GvfUqJKtUKOh9L8IQ0Lao=","oxhSgC9lekEZSlCkRGK0YuvNMZ6SHuXJevVPuQlyrYM=","YCNUajnw7OtpuSzQkoqbL5d40LtCOu9b4oFXZz5XYK0=","FeNKQMcsXpcD0IWqYi13Bljkk+cI0QFvMqcCY11xoAM=","YQxvmq8GOcmei3gTb7r2+i/bZL13ULpcZHREZYU4MBQ=","XUlkMU+WrasaJrKVxU6NacM0TBRrB3WjiFL4pSkUBQQ=","mUZUYtEHy17FarRL39QUt+i0m3JkfMEnLJHidbR73uE=","soYgbQt1PEBUqak+KHr7ql3rSru6bky3mHoBvwz700E=","dvE1LF5ef+gK2dYflhooe41V4YAAaoNWOpOsh+L3HhM=","ZveeYU+H5Xg0FgF8osEU5ICMW3HYWefidq23dp9vqQw=","sOBXE4G7IWSS5ds/NmMbPNfdy/rz2AVl1EjsBdNglKs=","XRO7s6C0tNpHet6l1/MujHI2h7mwAtiMXjemog/Igvo=","jRrI/v7twwKMRGSddjWEQjNNl1xwZzsuahphG3XgwDU=","vX1AJBr6dnDi8fsnRgRt3Y8KodVCm/LKyCWhhwS7AWs="],"block_size":4096,"path":"bg.js"},{"block_hashes":["1W8lRzzN+uNqGoFlAXm9TIV8Np5nBSni7z6gYR0ZM2o=","ywTJDI27gHlp9epUEyfgzO722ohC9uf3x52XD5unSZg="],"block_size":4096,"path":"first.html"},{"block_hashes":["AzIVbwnGgUcZZE8qvhq69bnWcuFUOrocU4EdAUlqPgs="],"block_size":4096,"path":"icons/icon-16.png"},{"block_hashes":["Pm4dTCsy7DQG4IoKUKnENxvrGrrZSN9qdgHdpxZbGdw="],"block_size":4096,"path":"icons/icon-32.png"},{"block_hashes":["bwvloqmTWtdVdKPLpyWSoa0Wem6LFmKKgXW+izDPlX0="],"block_size":4096,"path":"icons/icon-40.png"},{"block_hashes":["IQwjAxWUSjCjdObEJRiM3At/bvw1xYsO/tXExTM3YSo="],"block_size":4096,"path":"icons/inactive.png"},{"block_hashes":["D20+X5/4YK65LOIQUmFBJyxNUN7akD/uwbEvOKX3gpc=","vzP1Y6LxvrKPEuZuk1Bsv6NBG8w3Qj6STsnB1pwob4I="],"block_size":4096,"path":"img/abs-icon-big.png"},{"block_hashes":["sGmEINSc5DmKIK9V/h25iHv6slj0A5ammqBRUut3LR0=","XkdGylMw4pUFW60tZLlIC8lkqu7btcx8t93ug3a/1RI="],"block_size":4096,"path":"img/chrome.png"},{"block_hashes":["Uvg3TypNiYJP1Qfar4SLiCzuYlbLNEcbEkg3FhlYtzI="],"block_size":4096,"path":"img/gmail.png"},{"block_hashes":["1h6aVyfdmpp3Ox2xHvTcrzGBhcrK3uyUvzSK+9+IZTQ=","rC/jbBm3JCFyQ8ZZUcS5o68L/x5JIqLiFETHLElw1F8=","2kqddJ6ZpFpvrfS7oQI6wWnJRObCbMzMEbDKMizFT9o="],"block_size":4096,"path":"img/google.png"},{"block_hashes":["14WS0tmyf8RljeiqcvykE+4BkzjRVVyrnNoPFbu/O2c="],"block_size":4096,"path":"img/googleplus.png"},{"block_hashes":["+Az5CfAUMGtBZoTLjt6Wgj0LjFI+45xMTFhHtxCjuFY="],"block_size":4096,"path":"img/settings.png"},{"block_hashes":["OlIDRBgjD30eMBOLxak4QSD61DGhVVLUN5jWuXOLeb8=","B/JiZ6eAiybfAf++SaEUk4zAr15+WEETt3+XcWq/eK0=","OOX05uapJ8GloC9YbZ6y4hYtYi3+9HJtS0q5s0GIwjQ=","I3A1GhcimId9HpNGcmVNrZWIn82z9N3G3qYe67Up7hc=","+7V4N2XVLp2EMyFFla5Jg6K7ppvJs9UPvCFFHYCT3lM=","r4s11+tAyb3/JCanuvx8sW3PDYIrSgcKQUdOOnlqtec=","Db2wMeh9JD1J5/LSSb5ncTD04qY6ZuRK9HdDM2vElEo=","HnEBhBJ5fMHgoplJbI3kPL2aMvgFSa/u1M+RV/VW3TM="],"block_size":4096,"path":"lib/sea.js"},{"block_hashes":["2/fQhtbj8t84t/YF62ABG6GTxQiomgaGPviYva836pI=","WcFu3PLbXNKrs0Hb6ezpxhFuCFtMRUppJDU2go8e8+k="],"block_size":4096,"path":"options.html"},{"block_hashes":["GZpV6oKyIQRT5U/UNHwD8QB92Gf9oOE2wLAq60bEhfk=","iePzOafJinDC1+LXBczE5aWYU0xQvEvC3ma9BNow19E=","dgW0dKjar/s0oZReOcH6yMOZ2GAaJU5GRqcTu2HayRU=","AhpseuFiDgbksyAQL4GIatFw62zfo5sg7Cd9IBLVfPM=","5vtsaq78yxNgL0gzg6D3qud5io7DB31CLpEKfNf+2cE=","QJNynWBl9AK8SXV27tGTXoRTcCUnMgbro38bRIEEKrI=","mFl4rmKn1apt+1nZM1O6ihgDbiNVNpSCCfVrcnRqp+8="],"block_size":4096,"path":"options.js"},{"block_hashes":["QvTHv63jzQOZMGA1Kb26fRTaDvBwg+ccY7w+eVnw7iw=","qOKVQe9xVPVisZtniUs1T+jeXbnUHQpNchC1Uf+DOFQ="],"block_size":4096,"path":"popup.html"},{"block_hashes":["8bAmyaiJ7EAewKpHMItdXIn5LWmNu60Lf66XCeWPX20="],"block_size":4096,"path":"popup.js"},{"block_hashes":["NztlOUpJMEuhFY5CidYtH6Xa/LhD4BVZke3Rq+SonAw="],"block_size":4096,"path":"straightGoogle.js"},{"block_hashes":["EdXYjlINeIc5s5/S44OJ+CzLEUZdiTmnQensm8aKSl8="],"block_size":4096,"path":"warming.html"}],"version":2}